{"217": [0, 1], "607": [0, 2], "627": [0, 1], "154": [0, 2], "210": [0, 1], "573": [0, 1], "666": [0, 1], "394": [0, 1], "191": [0, 1], "767": [0, 1], "702": [0, 1], "1012": [0, 1], "60": [0, 1], "114": [0, 1], "391": [0, 1], "259": [0, 1], "239": [0, 1], "976": [0, 1], "134": [0, 1], "235": [0, 1], "688": [0, 1], "253": [0, 2], "87": [0, 1], "594": [0, 1], "25": [0, 1], "613": [0, 1], "484": [0, 1], "23": [0, 1], "951": [0, 1], "950": [0, 1], "44": [0, 1], "966": [0, 1], "407": [0, 1], "643": [0, 1], "1001": [0, 1], "1": [0, 1], "345": [0, 1], "2": [0, 1], "447": [0, 1], "547": [0, 1], "369": [0, 1], "886": [0, 1], "811": [0, 1], "409": [0, 1], "286": [0, 1], "200": [0, 1], "618": [0, 1], "142": [0, 1], "474": [0, 1], "675": [0, 1], "868": [0, 1], "300": [0, 1], "442": [0, 1], "302": [0, 1], "303": [0, 1], "225": [0, 1], "446": [0, 1], "148": [0, 1], "615": [0, 1], "651": [0, 1], "383": [0, 1], "126": [0, 1], "921": [0, 1], "100": [0, 1], "92": [0, 1], "107": [0, 1], "78": [0, 1], "11": [0, 1], "10": [0, 1], "900": [0, 1], "840": [0, 1], "946": [0, 1], "807": [0, 1], "763": [0, 1], "356": [0, 1], "535": [0, 1], "647": [0, 1], "427": [0, 1], "438": [0, 2], "510": [0, 1], "922": [0, 1], "653": [0, 1], "433": [0, 1], "728": [0, 1], "656": [0, 1]}