{"214": [0, 2], "952": [0, 1], "761": [0, 1], "498": [0, 1], "135": [0, 2], "495": [0, 1], "571": [0, 1], "956": [0, 1], "492": [0, 1], "694": [0, 1], "28": [0, 1], "94": [0, 1], "542": [0, 1], "406": [0, 1], "938": [0, 1], "546": [0, 2], "400": [0, 1], "932": [0, 1], "348": [0, 1], "349": [0, 1], "997": [0, 2], "674": [0, 1], "716": [0, 1], "714": [0, 2], "922": [0, 1], "120": [0, 2], "752": [0, 2], "961": [0, 1], "59": [0, 1], "57": [0, 2], "53": [0, 2], "379": [0, 1], "534": [0, 2], "411": [0, 1], "412": [0, 1], "530": [0, 2], "825": [0, 4], "297": [0, 1], "294": [0, 2], "372": [0, 1], "418": [0, 3], "293": [0, 1], "539": [0, 1], "987": [0, 1], "586": [0, 2], "988": [0, 1], "774": [0, 1], "195": [0, 3], "983": [0, 1], "559": [0, 4], "986": [0, 1], "316": [0, 1], "193": [0, 1], "192": [0, 1], "115": [0, 1], "88": [0, 1], "89": [0, 1], "274": [0, 1], "278": [0, 1], "894": [0, 2], "895": [0, 3], "796": [0, 1], "837": [0, 1], "838": [0, 1], "799": [0, 1], "891": [0, 1], "526": [0, 2], "919": [0, 1], "918": [0, 1], "522": [0, 1], "369": [0, 2], "1017": [0, 1], "424": [0, 1], "912": [0, 1], "308": [0, 1], "587": [0, 1], "855": [0, 1], "447": [0, 2], "304": [0, 1], "245": [0, 1], "920": [0, 1], "246": [0, 1], "384": [0, 1], "385": [0, 1], "824": [0, 1], "101": [0, 2], "249": [0, 2], "107": [0, 2], "900": [0, 1], "901": [0, 1], "842": [0, 1], "841": [0, 1], "783": [0, 2], "33": [0, 1], "292": [0, 1], "270": [0, 1], "909": [0, 2], "34": [0, 1], "383": [0, 1], "926": [0, 2], "1009": [0, 1], "436": [0, 1], "437": [0, 3], "435": [0, 1], "1003": [0, 2], "514": [0, 1], "517": [0, 1], "516": [0, 1], "623": [0, 1], "459": [0, 1], "339": [0, 1], "572": [0, 1], "337": [0, 1], "336": [0, 1], "575": [0, 1], "60": [0, 2], "61": [0, 1], "64": [0, 3], "486": [0, 3], "176": [0, 1], "250": [0, 1], "256": [0, 2], "254": [0, 1], "818": [0, 1], "857": [0, 1], "850": [0, 1], "819": [0, 1], "899": [0, 1], "978": [0, 1], "183": [0, 1], "180": [0, 2], "732": [0, 1], "735": [0, 1], "734": [0, 1], "6": [0, 1], "188": [0, 2], "189": [0, 1], "751": [0, 1], "503": [0, 1], "569": [0, 1], "632": [0, 1], "633": [0, 2], "636": [0, 1], "465": [0, 1], "466": [0, 1], "461": [0, 1], "701": [0, 1], "226": [0, 1], "166": [0, 1], "222": [0, 1], "393": [0, 1], "776": [0, 1], "967": [0, 1], "960": [0, 1], "14": [0, 1], "937": [0, 1], "862": [0, 1], "284": [0, 1], "724": [0, 3], "390": [0, 2], "722": [0, 1], "723": [0, 1], "151": [0, 1], "741": [0, 3], "743": [0, 2], "155": [0, 1], "558": [0, 1], "747": [0, 1], "748": [0, 1], "928": [0, 1], "556": [0, 2], "608": [0, 1], "750": [0, 2], "238": [0, 2], "893": [0, 2], "878": [0, 3], "876": [0, 2], "953": [0, 1], "875": [0, 1], "954": [0, 1], "41": [0, 1], "717": [0, 1], "642": [0, 1], "326": [0, 1], "146": [0, 1], "147": [0, 1], "145": [0, 1], "205": [0, 1], "204": [0, 1], "772": [0, 2], "209": [0, 3], "564": [0, 1], "563": [0, 1], "73": [0, 2], "72": [0, 1], "474": [0, 1], "485": [0, 1], "484": [0, 1], "948": [0, 1], "808": [0, 1], "351": [0, 2], "478": [0, 1], "686": [0, 1], "807": [0, 1], "358": [0, 1]}