{"199": [0, 3], "344": [0, 2], "0": [0, 1], "346": [0, 1], "340": [0, 3], "342": [0, 2], "811": [0, 1], "812": [0, 2], "348": [0, 1], "815": [0, 1], "816": [0, 2], "817": [0, 2], "717": [0, 1], "715": [0, 2], "714": [0, 1], "713": [0, 1], "712": [0, 1], "710": [0, 1], "915": [0, 1], "917": [0, 2], "422": [0, 1], "424": [0, 1], "299": [0, 4], "296": [0, 1], "295": [0, 1], "290": [0, 1], "291": [0, 1], "591": [0, 1], "595": [0, 1], "594": [0, 1], "597": [0, 3], "596": [0, 1], "598": [0, 1], "197": [0, 2], "196": [0, 2], "191": [0, 1], "192": [0, 1], "270": [0, 2], "271": [0, 1], "272": [0, 3], "273": [0, 2], "275": [0, 2], "276": [0, 1], "277": [0, 1], "194": [0, 2], "279": [0, 1], "738": [0, 2], "524": [0, 1], "526": [0, 1], "527": [0, 1], "521": [0, 1], "523": [0, 4], "1014": [0, 1], "1015": [0, 1], "1017": [0, 3], "1010": [0, 2], "1011": [0, 1], "1012": [0, 1], "449": [0, 3], "448": [0, 1], "443": [0, 2], "442": [0, 1], "441": [0, 1], "440": [0, 2], "447": [0, 2], "446": [0, 1], "445": [0, 1], "444": [0, 1], "109": [0, 1], "103": [0, 1], "107": [0, 1], "104": [0, 1], "105": [0, 2], "903": [0, 1], "39": [0, 1], "38": [0, 1], "907": [0, 1], "904": [0, 1], "33": [0, 1], "30": [0, 1], "36": [0, 2], "641": [0, 1], "642": [0, 1], "645": [0, 2], "647": [0, 1], "646": [0, 1], "436": [0, 1], "437": [0, 2], "434": [0, 2], "435": [0, 2], "432": [0, 2], "433": [0, 1], "338": [0, 1], "335": [0, 1], "334": [0, 2], "337": [0, 1], "331": [0, 2], "333": [0, 1], "332": [0, 3], "818": [0, 1], "850": [0, 2], "851": [0, 1], "852": [0, 2], "819": [0, 2], "858": [0, 1], "859": [0, 3], "6": [0, 3], "90": [0, 1], "93": [0, 1], "92": [0, 1], "94": [0, 3], "97": [0, 4], "740": [0, 2], "741": [0, 1], "743": [0, 1], "746": [0, 1], "555": [0, 1], "556": [0, 1], "551": [0, 1], "553": [0, 1], "239": [0, 1], "234": [0, 1], "236": [0, 1], "230": [0, 2], "231": [0, 4], "232": [0, 3], "233": [0, 1], "1": [0, 1], "144": [0, 3], "619": [0, 1], "613": [0, 1], "610": [0, 4], "611": [0, 1], "617": [0, 1], "614": [0, 1], "615": [0, 1], "1006": [0, 2], "1005": [0, 1], "948": [0, 1], "949": [0, 2], "946": [0, 2], "945": [0, 2], "942": [0, 2], "940": [0, 1], "1002": [0, 1], "689": [0, 1], "1001": [0, 3], "684": [0, 1], "687": [0, 3], "1000": [0, 2], "680": [0, 2], "682": [0, 1], "133": [0, 1], "132": [0, 1], "131": [0, 1], "498": [0, 4], "136": [0, 1], "135": [0, 2], "134": [0, 1], "494": [0, 1], "495": [0, 1], "496": [0, 1], "138": [0, 2], "490": [0, 1], "491": [0, 1], "492": [0, 1], "493": [0, 1], "20": [0, 1], "23": [0, 4], "28": [0, 1], "29": [0, 2], "406": [0, 2], "939": [0, 2], "403": [0, 1], "400": [0, 2], "932": [0, 2], "937": [0, 3], "629": [0, 2], "409": [0, 2], "934": [0, 2], "758": [0, 1], "379": [0, 1], "378": [0, 1], "829": [0, 2], "828": [0, 1], "371": [0, 2], "370": [0, 1], "373": [0, 1], "826": [0, 1], "821": [0, 1], "820": [0, 1], "822": [0, 1], "708": [0, 1], "704": [0, 1], "705": [0, 1], "700": [0, 3], "701": [0, 1], "391": [0, 1], "89": [0, 3], "394": [0, 1], "82": [0, 2], "83": [0, 1], "80": [0, 2], "81": [0, 2], "86": [0, 1], "87": [0, 3], "84": [0, 3], "796": [0, 1], "795": [0, 2], "794": [0, 3], "793": [0, 1], "792": [0, 2], "790": [0, 2], "799": [0, 1], "798": [0, 1], "7": [0, 1], "170": [0, 4], "585": [0, 3], "583": [0, 1], "581": [0, 3], "588": [0, 2], "247": [0, 2], "246": [0, 1], "241": [0, 1], "148": [0, 2], "243": [0, 1], "149": [0, 2], "518": [0, 1], "1009": [0, 3], "511": [0, 2], "510": [0, 2], "513": [0, 2], "512": [0, 1], "515": [0, 1], "514": [0, 1], "517": [0, 2], "516": [0, 3], "623": [0, 3], "622": [0, 1], "627": [0, 1], "626": [0, 1], "625": [0, 2], "450": [0, 5], "452": [0, 1], "453": [0, 1], "454": [0, 1], "456": [0, 1], "179": [0, 2], "178": [0, 1], "177": [0, 1], "176": [0, 1], "175": [0, 1], "174": [0, 2], "173": [0, 1], "171": [0, 1], "198": [0, 1], "977": [0, 2], "976": [0, 1], "974": [0, 4], "972": [0, 2], "970": [0, 2], "654": [0, 1], "979": [0, 2], "182": [0, 1], "183": [0, 1], "180": [0, 3], "2": [0, 1], "186": [0, 1], "653": [0, 2], "650": [0, 1], "651": [0, 2], "652": [0, 1], "188": [0, 3], "187": [0, 1], "184": [0, 1], "185": [0, 2], "11": [0, 2], "10": [0, 3], "13": [0, 3], "14": [0, 1], "16": [0, 1], "19": [0, 1], "18": [0, 1], "883": [0, 1], "882": [0, 1], "880": [0, 2], "887": [0, 2], "885": [0, 1], "657": [0, 1], "809": [0, 1], "322": [0, 2], "323": [0, 1], "808": [0, 2], "328": [0, 1], "329": [0, 1], "775": [0, 1], "774": [0, 1], "777": [0, 2], "776": [0, 1], "205": [0, 1], "204": [0, 2], "206": [0, 2], "209": [0, 1], "779": [0, 2], "778": [0, 1], "77": [0, 3], "74": [0, 2], "73": [0, 1], "71": [0, 1], "79": [0, 3], "78": [0, 1], "669": [0, 3], "668": [0, 4], "667": [0, 1], "666": [0, 1], "665": [0, 4], "663": [0, 1], "662": [0, 1], "661": [0, 1], "660": [0, 2], "690": [0, 1], "224": [0, 1], "696": [0, 3], "697": [0, 3], "694": [0, 1], "698": [0, 4], "542": [0, 1], "543": [0, 3], "540": [0, 1], "541": [0, 1], "547": [0, 1], "544": [0, 3], "545": [0, 2], "8": [0, 3], "995": [0, 2], "997": [0, 1], "990": [0, 1], "993": [0, 2], "868": [0, 1], "999": [0, 1], "998": [0, 2], "121": [0, 1], "122": [0, 1], "123": [0, 1], "124": [0, 1], "126": [0, 3], "128": [0, 1], "765": [0, 1], "414": [0, 2], "929": [0, 1], "417": [0, 1], "410": [0, 2], "411": [0, 1], "412": [0, 1], "413": [0, 1], "920": [0, 2], "921": [0, 2], "922": [0, 1], "923": [0, 3], "924": [0, 1], "419": [0, 2], "926": [0, 2], "319": [0, 1], "313": [0, 2], "310": [0, 2], "316": [0, 1], "315": [0, 3], "314": [0, 1], "832": [0, 2], "830": [0, 1], "831": [0, 1], "837": [0, 2], "834": [0, 2], "839": [0, 2], "367": [0, 2], "365": [0, 2], "362": [0, 3], "360": [0, 3], "361": [0, 1], "380": [0, 1], "381": [0, 1], "382": [0, 1], "383": [0, 1], "385": [0, 1], "387": [0, 2], "388": [0, 1], "389": [0, 1], "784": [0, 1], "787": [0, 1], "780": [0, 1], "782": [0, 2], "783": [0, 1], "789": [0, 1], "860": [0, 3], "252": [0, 2], "579": [0, 1], "573": [0, 1], "572": [0, 1], "576": [0, 1], "575": [0, 1], "574": [0, 2], "60": [0, 4], "258": [0, 1], "63": [0, 1], "67": [0, 2], "68": [0, 1], "69": [0, 1], "250": [0, 1], "256": [0, 2], "257": [0, 1], "603": [0, 1], "731": [0, 1], "730": [0, 2], "732": [0, 1], "735": [0, 1], "508": [0, 1], "506": [0, 2], "507": [0, 1], "502": [0, 1], "501": [0, 1], "632": [0, 2], "634": [0, 1], "635": [0, 2], "636": [0, 1], "638": [0, 1], "466": [0, 1], "463": [0, 1], "462": [0, 1], "901": [0, 2], "168": [0, 1], "165": [0, 1], "166": [0, 1], "167": [0, 2], "161": [0, 2], "162": [0, 2], "964": [0, 3], "965": [0, 1], "967": [0, 1], "960": [0, 2], "962": [0, 1], "963": [0, 2], "968": [0, 2], "969": [0, 1], "936": [0, 1], "935": [0, 1], "879": [0, 2], "876": [0, 3], "877": [0, 2], "874": [0, 1], "875": [0, 2], "872": [0, 1], "870": [0, 2], "871": [0, 1], "890": [0, 2], "892": [0, 1], "896": [0, 2], "897": [0, 2], "649": [0, 1], "357": [0, 1], "356": [0, 2], "355": [0, 3], "354": [0, 4], "352": [0, 1], "950": [0, 1], "568": [0, 1], "802": [0, 2], "801": [0, 1], "800": [0, 1], "807": [0, 1], "806": [0, 1], "359": [0, 1], "804": [0, 1], "216": [0, 1], "217": [0, 2], "212": [0, 2], "210": [0, 1], "762": [0, 1], "763": [0, 1], "761": [0, 2], "764": [0, 1], "219": [0, 1], "289": [0, 3], "288": [0, 1], "4": [0, 1], "281": [0, 1], "280": [0, 1], "284": [0, 3], "287": [0, 2], "286": [0, 1], "678": [0, 1], "679": [0, 1], "677": [0, 2], "670": [0, 1], "672": [0, 2], "262": [0, 1], "261": [0, 1], "260": [0, 1], "266": [0, 2], "269": [0, 1], "59": [0, 2], "55": [0, 2], "54": [0, 2], "62": [0, 3], "53": [0, 1], "52": [0, 3], "535": [0, 2], "259": [0, 1], "533": [0, 2], "532": [0, 2], "531": [0, 2], "530": [0, 1], "538": [0, 1], "988": [0, 2], "989": [0, 1], "982": [0, 1], "983": [0, 1], "980": [0, 1], "981": [0, 1], "986": [0, 1], "987": [0, 1], "984": [0, 1], "50": [0, 1], "114": [0, 1], "116": [0, 3], "111": [0, 2], "113": [0, 1], "253": [0, 3], "771": [0, 1], "118": [0, 1], "772": [0, 1], "428": [0, 1], "534": [0, 1], "918": [0, 2], "421": [0, 1], "420": [0, 1], "423": [0, 1], "916": [0, 3], "911": [0, 4], "910": [0, 1], "913": [0, 1], "426": [0, 1], "308": [0, 1], "309": [0, 1], "855": [0, 1], "300": [0, 2], "301": [0, 1], "304": [0, 2], "305": [0, 1], "307": [0, 1], "825": [0, 1], "181": [0, 3], "827": [0, 1], "847": [0, 1], "843": [0, 1], "842": [0, 3], "840": [0, 1], "375": [0, 1], "955": [0, 2], "849": [0, 1], "848": [0, 2], "376": [0, 2], "753": [0, 1], "752": [0, 1], "751": [0, 1], "750": [0, 1], "755": [0, 3], "560": [0, 2], "562": [0, 1], "563": [0, 1], "566": [0, 2], "567": [0, 2], "228": [0, 1], "225": [0, 1], "985": [0, 1], "223": [0, 1], "222": [0, 2], "221": [0, 1], "220": [0, 2], "1021": [0, 2], "1023": [0, 2], "1022": [0, 1], "726": [0, 2], "724": [0, 3], "725": [0, 1], "722": [0, 2], "723": [0, 3], "721": [0, 2], "728": [0, 1], "729": [0, 1], "151": [0, 2], "604": [0, 2], "601": [0, 1], "157": [0, 1], "156": [0, 1], "159": [0, 1], "399": [0, 1], "468": [0, 1], "959": [0, 1], "958": [0, 1], "49": [0, 2], "47": [0, 2], "953": [0, 2], "45": [0, 1], "42": [0, 1], "954": [0, 1], "40": [0, 1], "956": [0, 2], "5": [0, 1], "374": [0, 1], "489": [0, 1], "488": [0, 1], "487": [0, 1], "485": [0, 2], "484": [0, 1], "483": [0, 1], "481": [0, 2], "480": [0, 2], "470": [0, 1], "471": [0, 2], "476": [0, 5], "477": [0, 1], "475": [0, 1], "478": [0, 1], "479": [0, 1]}