[{"controllers": {"compact": "/pools/default/buckets/definitions/ddocs/_design%2Fdefinitions/controller/compactView", "setUpdateMinChanges": "/pools/default/buckets/definitions/ddocs/_design%2Fdefinitions/controller/setUpdateMinChanges"}, "doc": {"json": {"views": {"SchemaRelatedUITemplates": {"map": "function (doc, meta) {\n if(doc.docType==\"UITemplate\")\n   emit(doc.schemaName,{\"templateName\":doc.templateName});\n}"}, "schemaLayout": {"map": "function (doc, meta) {\n if(doc.docType==\"UITemplate\")\n   emit([doc.schemaName,doc.templateName],null);\n}"}, "landingPages": {"map": "function (doc, meta) {\n  if(doc.docType==\"UITemplate\" && doc.templateType==\"LandingPage\")\n    emit(doc.cloudPointHostId,{recordId:doc.recordId,templateName:doc.templateName,author:doc.author,dateCreated:doc.dateCreated,landingType:doc.landingType});\n}"}, "uniqueUserNames": {"map": "function (doc, meta) {\n  if(doc[\"@uniqueUserName\"])\n    emit(doc[\"@uniqueUserName\"].toUpperCase(), doc[\"@uniqueUserName\"]);\n}"}, "UITemplate": {"map": "function (doc, meta) {\n  if(doc.docType==\"UITemplate\" && doc.templateType==\"LandingPage\")\n    emit(doc.templateName,null);\n}"}, "workflows": {"map": "function (doc, meta) {\n  if(typeof doc.workFlow ==\"object\")\n  emit(meta.id, null);\n}"}, "test": {"map": "function (doc, meta) {\n\n // if(doc.docType == \"UITemplate\"){\n  if(  doc.templateType==\"LandingPage\"){\n  //if(doc.workFlow){\n    emit(meta.id);\n  }\n}"}, "getCounter": {"map": "function (doc, meta) {\n  if(doc.revision){\n    \t emit([doc.org,doc.schema],doc.revision);\n     }\n \n}"}}}, "meta": {"rev": "1-0077a5ad", "id": "_design/definitions"}}}, {"controllers": {"compact": "/pools/default/buckets/definitions/ddocs/_design%2Fdev_definitions/controller/compactView", "setUpdateMinChanges": "/pools/default/buckets/definitions/ddocs/_design%2Fdev_definitions/controller/setUpdateMinChanges"}, "doc": {"json": {"views": {"SchemaRelatedUITemplates": {"map": "function (doc, meta) {\n if(doc.docType==\"UITemplate\")\n   emit(doc.schemaName,{\"templateName\":doc.templateName});\n}"}, "schemaLayout": {"map": "function (doc, meta) {\n if(doc.docType==\"UITemplate\")\n   emit([doc.schemaName,doc.templateName],null);\n}"}, "landingPages": {"map": "function (doc, meta) {\n  if(doc.docType==\"UITemplate\" && doc.templateType==\"LandingPage\")\n    emit(doc.cloudPointHostId,{recordId:doc.recordId,templateName:doc.templateName,author:doc.author,dateCreated:doc.dateCreated,landingType:doc.landingType});\n}"}, "uniqueUserNames": {"map": "function (doc, meta) {\n  if(doc[\"@uniqueUserName\"])\n    emit(doc[\"@uniqueUserName\"].toUpperCase(), doc[\"@uniqueUserName\"]);\n}"}, "UITemplate": {"map": "function (doc, meta) {\n  if(doc.docType==\"UITemplate\" && doc.templateType==\"LandingPage\")\n    emit(doc.templateName,null);\n}"}, "workflows": {"map": "function (doc, meta) {\n  if(typeof doc.workFlow ==\"object\")\n  emit(meta.id, null);\n}"}, "test": {"map": "function (doc, meta) {\n\n // if(doc.docType == \"UITemplate\"){\n  if(  doc.templateType==\"LandingPage\"){\n  //if(doc.workFlow){\n    emit(meta.id,doc[\"@uniqueUserName\"]);\n  }\n}"}, "getCounter": {"map": "function (doc, meta) {\n  if(doc.revision){\n    \t emit([doc.org,doc.schema],doc.revision);\n     }\n \n}"}}}, "meta": {"rev": "1-b0600b04", "id": "_design/dev_definitions"}}}]