{"metadata": [{"topologies": [{"definitions": [{"defnId": 1289791929399627870, "bucket": "definitions", "name": "#primary", "instances": [{"steamId": 1, "instId": 1289791929399627870, "state": 4, "partitions": [{"singlePartition": {"slices": [{"indexerId": "76:c4:43:83:ea:62:8c:e3"}]}, "keyPartition": {}}]}]}], "version": 4, "bucket": "definitions"}, {"definitions": [{"defnId": 15304443577641685760, "bucket": "messages", "name": "chat_type", "instances": [{"steamId": 1, "instId": 15304443577641685760, "state": 4, "partitions": [{"singlePartition": {"slices": [{"indexerId": "76:c4:43:83:ea:62:8c:e3"}]}, "keyPartition": {}}]}]}, {"defnId": 1327312871259675285, "bucket": "messages", "name": "chat_chatFrom", "instances": [{"steamId": 1, "instId": 1327312871259675285, "state": 4, "partitions": [{"singlePartition": {"slices": [{"indexerId": "76:c4:43:83:ea:62:8c:e3"}]}, "keyPartition": {}}]}]}, {"defnId": 15486577284174176805, "bucket": "messages", "name": "chat_topicId", "instances": [{"steamId": 1, "instId": 15486577284174176805, "state": 4, "partitions": [{"singlePartition": {"slices": [{"indexerId": "76:c4:43:83:ea:62:8c:e3"}]}, "keyPartition": {}}]}]}, {"defnId": 15783433108529838926, "bucket": "messages", "name": "chat_topic", "instances": [{"steamId": 1, "instId": 15783433108529838926, "state": 4, "partitions": [{"singlePartition": {"slices": [{"indexerId": "76:c4:43:83:ea:62:8c:e3"}]}, "keyPartition": {}}]}]}, {"defnId": 7310768266260140573, "bucket": "messages", "name": "chat_status", "instances": [{"steamId": 1, "instId": 7310768266260140573, "state": 4, "partitions": [{"singlePartition": {"slices": [{"indexerId": "76:c4:43:83:ea:62:8c:e3"}]}, "keyPartition": {}}]}]}, {"defnId": 206311823004679625, "bucket": "messages", "name": "chat_org", "instances": [{"steamId": 1, "instId": 206311823004679625, "state": 4, "partitions": [{"singlePartition": {"slices": [{"indexerId": "76:c4:43:83:ea:62:8c:e3"}]}, "keyPartition": {}}]}]}, {"defnId": 15416159875688534763, "bucket": "messages", "name": "chat_chatTo", "instances": [{"steamId": 1, "instId": 15416159875688534763, "state": 4, "partitions": [{"singlePartition": {"slices": [{"indexerId": "76:c4:43:83:ea:62:8c:e3"}]}, "keyPartition": {}}]}]}, {"defnId": 17800172301585860747, "bucket": "messages", "name": "#primary", "instances": [{"steamId": 1, "instId": 17800172301585860747, "state": 4, "partitions": [{"singlePartition": {"slices": [{"indexerId": "76:c4:43:83:ea:62:8c:e3"}]}, "keyPartition": {}}]}]}], "version": 33, "bucket": "messages"}, {"definitions": [{"defnId": 13794958770362672676, "bucket": "records", "name": "wk_identifier_check", "instances": [{"steamId": 1, "instId": 13794958770362672676, "state": 4, "partitions": [{"singlePartition": {"slices": [{"indexerId": "76:c4:43:83:ea:62:8c:e3"}]}, "keyPartition": {}}]}]}, {"defnId": 294739402772904771, "bucket": "records", "name": "wk_activationCode", "instances": [{"steamId": 1, "instId": 294739402772904771, "state": 4, "partitions": [{"singlePartition": {"slices": [{"indexerId": "76:c4:43:83:ea:62:8c:e3"}]}, "keyPartition": {}}]}]}, {"defnId": 13754052845161225579, "bucket": "records", "name": "wk_resetPasswordCode", "instances": [{"steamId": 1, "instId": 13754052845161225579, "state": 4, "partitions": [{"singlePartition": {"slices": [{"indexerId": "76:c4:43:83:ea:62:8c:e3"}]}, "keyPartition": {}}]}]}, {"defnId": 14240868910599171213, "bucket": "records", "name": "wk_status", "instances": [{"steamId": 1, "instId": 14240868910599171213, "state": 4, "partitions": [{"singlePartition": {"slices": [{"indexerId": "76:c4:43:83:ea:62:8c:e3"}]}, "keyPartition": {}}]}]}, {"defnId": 16185805040011987859, "bucket": "records", "name": "wk_docType", "instances": [{"steamId": 1, "instId": 16185805040011987859, "state": 4, "partitions": [{"singlePartition": {"slices": [{"indexerId": "76:c4:43:83:ea:62:8c:e3"}]}, "keyPartition": {}}]}]}, {"defnId": 5627514205645715575, "bucket": "records", "name": "wk_name", "instances": [{"steamId": 1, "instId": 5627514205645715575, "state": 4, "partitions": [{"singlePartition": {"slices": [{"indexerId": "76:c4:43:83:ea:62:8c:e3"}]}, "keyPartition": {}}]}]}, {"defnId": 2077244251028539847, "bucket": "records", "name": "wk_recordId", "instances": [{"steamId": 1, "instId": 2077244251028539847, "state": 4, "partitions": [{"singlePartition": {"slices": [{"indexerId": "76:c4:43:83:ea:62:8c:e3"}]}, "keyPartition": {}}]}]}, {"defnId": 3332445700350081532, "bucket": "records", "name": "#primary", "instances": [{"steamId": 1, "instId": 3332445700350081532, "state": 4, "partitions": [{"singlePartition": {"slices": [{"indexerId": "76:c4:43:83:ea:62:8c:e3"}]}, "keyPartition": {}}]}]}, {"defnId": 12623434415830098465, "bucket": "records", "name": "wk_orgDomain", "instances": [{"steamId": 1, "instId": 12623434415830098465, "state": 4, "partitions": [{"singlePartition": {"slices": [{"indexerId": "76:c4:43:83:ea:62:8c:e3"}]}, "keyPartition": {}}]}]}, {"defnId": 2096002409243627482, "bucket": "records", "name": "wk_slug", "instances": [{"steamId": 1, "instId": 2096002409243627482, "state": 4, "partitions": [{"singlePartition": {"slices": [{"indexerId": "76:c4:43:83:ea:62:8c:e3"}]}, "keyPartition": {}}]}]}], "version": 73, "bucket": "records"}, {"definitions": [{"defnId": 9702537907468516017, "bucket": "schemas", "name": "#primary", "instances": [{"steamId": 1, "instId": 9702537907468516017, "state": 4, "partitions": [{"singlePartition": {"slices": [{"indexerId": "76:c4:43:83:ea:62:8c:e3"}]}, "keyPartition": {}}]}]}], "version": 4, "bucket": "schemas"}, {"definitions": [{"defnId": 11846127002632605233, "bucket": "audit", "name": "wk_sortDate", "instances": [{"steamId": 1, "instId": 11846127002632605233, "state": 4, "partitions": [{"singlePartition": {"slices": [{"indexerId": "76:c4:43:83:ea:62:8c:e3"}]}, "keyPartition": {}}]}]}, {"defnId": 8904154896721815664, "bucket": "audit", "name": "#primary", "instances": [{"steamId": 1, "instId": 8904154896721815664, "state": 4, "partitions": [{"singlePartition": {"slices": [{"indexerId": "76:c4:43:83:ea:62:8c:e3"}]}, "keyPartition": {}}]}]}], "version": 8, "bucket": "audit"}], "indexerId": "76:c4:43:83:ea:62:8c:e3", "definitions": [{"defnId": 12623434415830098465, "name": "wk_orgDomain", "deferred": true, "bucket": "records", "partitionScheme": "SINGLE", "bucketUUID": "dc651b1bac6d1432b6ea4f9b658f977e", "secExprs": ["`orgDomain`"], "using": "forestdb", "nodes": ["4b:ef:8e:b5:7f:e7:49:1d"], "where": "(`orgDomain` is not missing)", "exprType": "N1QL"}, {"defnId": 15304443577641685760, "name": "chat_type", "deferred": true, "bucket": "messages", "partitionScheme": "SINGLE", "bucketUUID": "0fa3d2357c8d836f5812d14007bfee3c", "secExprs": ["`type`"], "using": "forestdb", "nodes": ["4b:ef:8e:b5:7f:e7:49:1d"], "exprType": "N1QL"}, {"defnId": 15416159875688534763, "name": "chat_chatTo", "deferred": true, "bucket": "messages", "partitionScheme": "SINGLE", "bucketUUID": "0fa3d2357c8d836f5812d14007bfee3c", "secExprs": ["`chatTo`"], "using": "forestdb", "nodes": ["4b:ef:8e:b5:7f:e7:49:1d"], "exprType": "N1QL"}, {"defnId": 15783433108529838926, "name": "chat_topic", "deferred": true, "bucket": "messages", "partitionScheme": "SINGLE", "bucketUUID": "0fa3d2357c8d836f5812d14007bfee3c", "secExprs": ["`topic`"], "using": "forestdb", "nodes": ["4b:ef:8e:b5:7f:e7:49:1d"], "exprType": "N1QL"}, {"defnId": 11846127002632605233, "name": "wk_sortDate", "deferred": true, "bucket": "audit", "partitionScheme": "SINGLE", "bucketUUID": "595d4950361b3bf61ffb5d4ff2fe8f02", "secExprs": ["`sortDate`"], "using": "forestdb", "nodes": ["4b:ef:8e:b5:7f:e7:49:1d"], "exprType": "N1QL"}, {"defnId": 1289791929399627870, "name": "#primary", "deferred": true, "bucket": "definitions", "partitionScheme": "SINGLE", "bucketUUID": "c96111f7e7cd8bf832d9181f99b2d301", "using": "forestdb", "nodes": ["4b:ef:8e:b5:7f:e7:49:1d"], "isPrimary": true, "exprType": "N1QL"}, {"defnId": 16185805040011987859, "name": "wk_docType", "deferred": true, "bucket": "records", "partitionScheme": "SINGLE", "bucketUUID": "dc651b1bac6d1432b6ea4f9b658f977e", "secExprs": ["`docType`"], "using": "forestdb", "nodes": ["4b:ef:8e:b5:7f:e7:49:1d"], "exprType": "N1QL"}, {"defnId": 294739402772904771, "name": "wk_activationCode", "deferred": true, "bucket": "records", "partitionScheme": "SINGLE", "bucketUUID": "dc651b1bac6d1432b6ea4f9b658f977e", "secExprs": ["`activationCode`"], "using": "forestdb", "nodes": ["4b:ef:8e:b5:7f:e7:49:1d"], "where": "(`activationCode` is not missing)", "exprType": "N1QL"}, {"defnId": 5627514205645715575, "name": "wk_name", "deferred": true, "bucket": "records", "partitionScheme": "SINGLE", "bucketUUID": "dc651b1bac6d1432b6ea4f9b658f977e", "secExprs": ["`name`"], "using": "forestdb", "nodes": ["4b:ef:8e:b5:7f:e7:49:1d"], "exprType": "N1QL"}, {"defnId": 8904154896721815664, "name": "#primary", "deferred": true, "bucket": "audit", "partitionScheme": "SINGLE", "bucketUUID": "595d4950361b3bf61ffb5d4ff2fe8f02", "using": "forestdb", "nodes": ["4b:ef:8e:b5:7f:e7:49:1d"], "isPrimary": true, "exprType": "N1QL"}, {"defnId": 13754052845161225579, "name": "wk_resetPasswordCode", "deferred": true, "bucket": "records", "partitionScheme": "SINGLE", "bucketUUID": "dc651b1bac6d1432b6ea4f9b658f977e", "secExprs": ["`resetPasswordCode`"], "using": "forestdb", "nodes": ["4b:ef:8e:b5:7f:e7:49:1d"], "where": "(`resetPasswordCode` is not missing)", "exprType": "N1QL"}, {"defnId": 14240868910599171213, "name": "wk_status", "deferred": true, "bucket": "records", "partitionScheme": "SINGLE", "bucketUUID": "dc651b1bac6d1432b6ea4f9b658f977e", "secExprs": ["`$status`"], "using": "forestdb", "nodes": ["4b:ef:8e:b5:7f:e7:49:1d"], "exprType": "N1QL"}, {"defnId": 206311823004679625, "name": "chat_org", "deferred": true, "bucket": "messages", "partitionScheme": "SINGLE", "bucketUUID": "0fa3d2357c8d836f5812d14007bfee3c", "secExprs": ["`org`"], "using": "forestdb", "nodes": ["4b:ef:8e:b5:7f:e7:49:1d"], "exprType": "N1QL"}, {"defnId": 2096002409243627482, "name": "wk_slug", "deferred": true, "bucket": "records", "partitionScheme": "SINGLE", "bucketUUID": "dc651b1bac6d1432b6ea4f9b658f977e", "secExprs": ["`@uniqueUserName`"], "using": "forestdb", "nodes": ["4b:ef:8e:b5:7f:e7:49:1d"], "where": "(`@uniqueUserName` is not missing)", "exprType": "N1QL"}, {"defnId": 7310768266260140573, "name": "chat_status", "deferred": true, "bucket": "messages", "partitionScheme": "SINGLE", "bucketUUID": "0fa3d2357c8d836f5812d14007bfee3c", "secExprs": ["`status`"], "using": "forestdb", "nodes": ["4b:ef:8e:b5:7f:e7:49:1d"], "exprType": "N1QL"}, {"defnId": 9702537907468516017, "name": "#primary", "deferred": true, "bucket": "schemas", "partitionScheme": "SINGLE", "bucketUUID": "624badbe32b5b95bfa3ae88e770010bb", "using": "forestdb", "nodes": ["4b:ef:8e:b5:7f:e7:49:1d"], "isPrimary": true, "exprType": "N1QL"}, {"defnId": 1327312871259675285, "name": "chat_chatFrom", "deferred": true, "bucket": "messages", "partitionScheme": "SINGLE", "bucketUUID": "0fa3d2357c8d836f5812d14007bfee3c", "secExprs": ["`chatFrom`"], "using": "forestdb", "nodes": ["4b:ef:8e:b5:7f:e7:49:1d"], "exprType": "N1QL"}, {"defnId": 13794958770362672676, "name": "wk_identifier_check", "deferred": true, "bucket": "records", "partitionScheme": "SINGLE", "bucketUUID": "dc651b1bac6d1432b6ea4f9b658f977e", "secExprs": ["`docType`", "`cloudPointHostId`", "`org`", "lower(`name`)"], "using": "forestdb", "nodes": ["4b:ef:8e:b5:7f:e7:49:1d"], "exprType": "N1QL"}, {"defnId": 15486577284174176805, "name": "chat_topicId", "deferred": true, "bucket": "messages", "partitionScheme": "SINGLE", "bucketUUID": "0fa3d2357c8d836f5812d14007bfee3c", "secExprs": ["`topicId`"], "using": "forestdb", "nodes": ["4b:ef:8e:b5:7f:e7:49:1d"], "exprType": "N1QL"}, {"defnId": 17800172301585860747, "name": "#primary", "bucket": "messages", "partitionScheme": "SINGLE", "bucketUUID": "0fa3d2357c8d836f5812d14007bfee3c", "using": "forestdb", "nodes": ["76:c4:43:83:ea:62:8c:e3"], "isPrimary": true, "exprType": "N1QL"}, {"defnId": 2077244251028539847, "name": "wk_recordId", "deferred": true, "bucket": "records", "partitionScheme": "SINGLE", "bucketUUID": "dc651b1bac6d1432b6ea4f9b658f977e", "secExprs": ["`recordId`"], "using": "forestdb", "nodes": ["4b:ef:8e:b5:7f:e7:49:1d"], "exprType": "N1QL"}, {"defnId": 3332445700350081532, "name": "#primary", "deferred": true, "bucket": "records", "partitionScheme": "SINGLE", "bucketUUID": "dc651b1bac6d1432b6ea4f9b658f977e", "using": "forestdb", "nodes": ["4b:ef:8e:b5:7f:e7:49:1d"], "isPrimary": true, "exprType": "N1QL"}]}]}