[{"controllers": {"compact": "/pools/default/buckets/keywords/ddocs/_design%2Fdev_keywords/controller/compactView", "setUpdateMinChanges": "/pools/default/buckets/keywords/ddocs/_design%2Fdev_keywords/controller/setUpdateMinChanges"}, "doc": {"json": {"views": {"getKeywords": {"map": "function (doc, meta) {\n  emit(meta.id.toLowerCase(), doc);\n}"}}}, "meta": {"rev": "1-9a85feca", "id": "_design/dev_keywords"}}}, {"controllers": {"compact": "/pools/default/buckets/keywords/ddocs/_design%2Fkeywords/controller/compactView", "setUpdateMinChanges": "/pools/default/buckets/keywords/ddocs/_design%2Fkeywords/controller/setUpdateMinChanges"}, "doc": {"json": {"views": {"getKeywords": {"map": "function (doc, meta) {\n  emit(meta.id.toLowerCase(), doc);\n}"}}}, "meta": {"rev": "1-1395f8f0", "id": "_design/keywords"}}}]