{"768": [0, 1], "769": [0, 1], "762": [0, 1], "760": [0, 1], "767": [0, 1], "765": [0, 1], "227": [0, 1], "957": [0, 2], "135": [0, 1], "693": [0, 1], "690": [0, 1], "542": [0, 1], "819": [0, 1], "347": [0, 2], "401": [0, 1], "343": [0, 1], "810": [0, 1], "930": [0, 1], "814": [0, 1], "815": [0, 1], "816": [0, 1], "990": [0, 2], "868": [0, 2], "853": [0, 2], "671": [0, 1], "263": [0, 1], "123": [0, 1], "126": [0, 2], "128": [0, 1], "268": [0, 2], "414": [0, 1], "378": [0, 1], "410": [0, 1], "411": [0, 1], "413": [0, 1], "920": [0, 1], "922": [0, 1], "826": [0, 1], "820": [0, 1], "291": [0, 1], "877": [0, 1], "988": [0, 1], "595": [0, 1], "597": [0, 1], "598": [0, 2], "706": [0, 1], "893": [0, 2], "702": [0, 1], "703": [0, 1], "392": [0, 1], "273": [0, 1], "274": [0, 2], "396": [0, 1], "113": [0, 1], "85": [0, 1], "832": [0, 1], "830": [0, 1], "794": [0, 2], "790": [0, 1], "799": [0, 1], "172": [0, 1], "574": [0, 1], "527": [0, 1], "918": [0, 2], "613": [0, 1], "366": [0, 2], "533": [0, 1], "422": [0, 1], "911": [0, 1], "1011": [0, 1], "587": [0, 1], "974": [0, 1], "580": [0, 1], "301": [0, 1], "299": [0, 1], "304": [0, 1], "307": [0, 1], "381": [0, 1], "108": [0, 1], "383": [0, 1], "384": [0, 1], "242": [0, 1], "103": [0, 1], "101": [0, 1], "106": [0, 1], "248": [0, 2], "104": [0, 1], "38": [0, 1], "780": [0, 1], "782": [0, 1], "33": [0, 1], "32": [0, 1], "909": [0, 1], "37": [0, 1], "34": [0, 1], "643": [0, 1], "644": [0, 1], "438": [0, 1], "1008": [0, 1], "1007": [0, 1], "1005": [0, 1], "927": [0, 1], "1003": [0, 1], "433": [0, 1], "1000": [0, 1], "459": [0, 1], "620": [0, 1], "627": [0, 2], "625": [0, 1], "452": [0, 1], "336": [0, 1], "577": [0, 1], "457": [0, 1], "63": [0, 1], "89": [0, 1], "66": [0, 2], "69": [0, 1], "175": [0, 1], "257": [0, 1], "170": [0, 1], "554": [0, 1], "976": [0, 1], "857": [0, 1], "288": [0, 1], "107": [0, 1], "182": [0, 1], "970": [0, 1], "733": [0, 2], "2": [0, 2], "185": [0, 1], "630": [0, 1], "750": [0, 1], "469": [0, 1], "560": [0, 1], "464": [0, 2], "759": [0, 2], "509": [0, 1], "462": [0, 1], "228": [0, 1], "164": [0, 1], "906": [0, 1], "224": [0, 1], "223": [0, 1], "869": [0, 1], "965": [0, 1], "14": [0, 1], "1023": [0, 1], "16": [0, 1], "863": [0, 1], "867": [0, 1], "726": [0, 1], "390": [0, 1], "720": [0, 1], "728": [0, 1], "904": [0, 1], "606": [0, 1], "601": [0, 2], "555": [0, 2], "158": [0, 1], "557": [0, 1], "731": [0, 1], "234": [0, 1], "236": [0, 1], "152": [0, 1], "959": [0, 1], "472": [0, 1], "114": [0, 1], "48": [0, 1], "950": [0, 2], "874": [0, 1], "42": [0, 1], "870": [0, 1], "638": [0, 2], "5": [0, 2], "146": [0, 1], "147": [0, 1], "892": [0, 1], "145": [0, 1], "771": [0, 1], "647": [0, 1], "896": [0, 1], "208": [0, 1], "611": [0, 1], "616": [0, 1], "617": [0, 1], "148": [0, 1], "712": [0, 1], "76": [0, 1], "831": [0, 1], "487": [0, 1], "486": [0, 2], "480": [0, 1], "686": [0, 1], "940": [0, 1], "357": [0, 2], "356": [0, 1], "354": [0, 1], "476": [0, 1], "688": [0, 1], "350": [0, 1], "803": [0, 1], "358": [0, 2], "807": [0, 1], "683": [0, 1], "682": [0, 1]}